name,gender,wikidata,type
"Rue de Bruxelles",,Q239,way
"Aire de Glain",,,way
Al'rodje-Creû,,,way
Al'rodje-creu,,,way
"Allée Bietîmé",,,way
"Allée Edgard D'Hont",,,way
"Allée Frédéric Chopin",,,way
"Allée Grande Hollande",,,way
"Allée Pillechoulle",,,way
"Allée Rohan-Chabot",,,way
"Allée de l'Absent",,,way
"Allée de l'Innovation",,,way
"Allée de la Cense Rouge",,,way
"Allée de la Cense Rouge - Rue del Rodje Cinse",,,way
"Allée de la Découverte",,,way
"Allée de la Physique",,,way
"Allée des Abbesses",,,way
"Allée des Érables",,,way
"Allée des Noisetiers",,,way
"Allée des Platanes",,,way
"Allée des Ploktrèsses",,,way
"Allée des Princes de Léon",,,way
"Allée des Ramons",,,way
"Allée des Rouges-Gorges",,,way
"Allée du Baron Amédée",,,way
"Allée du Bol d'Air",,,way
"Allée du Six Août",,,way
"Allée du château",,,way
"Årvô de la Chartreuse",,,way
"Au Palô",,,way
"Au Pèrî",,,way
"Au Soleil",,,way
"Aux Piedroux",,,way
"Avenue Albert 1er",,,way
"Avenue Albert Mahiels",,,way
"Avenue Blonden",,,way
"Avenue Brigade Piron",,,way
"Avenue Cardinal Mercier",,,way
"Avenue Constantin de Gerlache",,,way
"Avenue Dieudonné Lambrecht",,,way
"Avenue Emile Digneffe",,,way
"Avenue Emile Jenissen",,,way
"Avenue Francisco Ferrer",,,way
"Avenue Freddy Terwagne",,,way
"Avenue Georges Truffaut",,,way
"Avenue Henri Borguet",,,way
"Avenue Henri Lonay",,,way
"Avenue Henri Piedboeuf",,,way
"Avenue Henri-Warnant",,,way
"Avenue Hippocrate",,,way
"Avenue Jean Hans",,,way
"Avenue Joseh Prevers",,,way
"Avenue Joseph Merlot",,,way
"Avenue Joseph Prévers",,,way
"Avenue Maurice Destenay",,,way
"Avenue Olympe Gilbart",,,way
"Avenue Reine Élisabeth",,,way
"Avenue Rogier",,,way
"Avenue Sluysmans",,,way
"Avenue Victor Hugo",,,way
"Avenue d'Aix-la-Chapelle",,,way
"Avenue de Beaumont",,,way
"Avenue de Cointe",,,way
"Avenue de Cologne",,,way
"Avenue de Fontainebleau",,,way
"Avenue de Jupille",,,way
"Avenue de Juprelle",,,way
"Avenue de Lille",,,way
"Avenue de Nancy",,,way
"Avenue de Péville",,,way
"Avenue de Voroux",,,way
"Avenue de l'Absent",,,way
"Avenue de l'Agriculture",,,way
"Avenue de l'Europe",,,way
"Avenue de l'Indépendance",,,way
"Avenue de l'Industrie",,,way
"Avenue de l'Observatoire",,,way
"Avenue de la Closeraie",,,way
"Avenue de la Cokerie",,,way
"Avenue de la Croix Rouge",,,way
"Avenue de la Grande Rôtisse",,,way
"Avenue de la Laiterie",,,way
"Avenue de la Paix",,,way
"Avenue de la Rousselière",,,way
"Avenue des Cerfs",,,way
"Avenue des Cerisiers",,,way
"Avenue des Côteaux",,,way
"Avenue des Croix du Feu",,,way
"Avenue des Lilas",,,way
"Avenue des Oiseaux",,,way
"Avenue des Ormes",,,way
"Avenue des Pâquerettes",,,way
"Avenue des Platanes",,,way
"Avenue des Tilleuls",,,way
"Avenue du Bois Saint-Jean",,,way
"Avenue du Hêtre",,,way
"Avenue du Luxembourg",,,way
"Avenue du Parc",,,way
"Avenue du Petit-Bourgogne",,,way
"Avenue du Pré-Aily",,,way
"Avenue du Tennis",,,way
"Boulevard Carton de Wiart",,,way
"Boulevard César Thomson",,,way
"Boulevard Emile de Laveleye",,,way
"Boulevard Ernest Solvay",,,way
"Boulevard Fosse-Crahay",,,way
"Boulevard Frankignoul",,,way
"Boulevard Frère-Orban",,,way
"Boulevard Gustave Kleyer",,,way
"Boulevard Hector Denis",,,way
"Boulevard Jean de Wilde",,,way
"Boulevard Jean-Théodore Radoux",,,way
"Boulevard Léon Philippet",,,way
"Boulevard Louis Hillier",,,way
"Boulevard Montéfiore",,,way
"Boulevard Patience et Beaujonc",,,way
"Boulevard Piercot",,,way
"Boulevard Raymond Poincaré",,,way
"Boulevard Sainte-Beuve",,,way
"Boulevard Saucy",,,way
"Boulevard d'Avroy",,,way
"Boulevard de Beaufraipont",,,way
"Boulevard de Colonster",,,way
"Boulevard de Douai",,,way
"Boulevard de Froidmont",,,way
"Boulevard de l'Est",,,way
"Boulevard de l'Ourthe",,,way
"Boulevard de la Constitution",,,way
"Boulevard de la Sauvenière",,,way
"Boulevard des Hauteurs",,,way
"Boulevard du 12e de Ligne",,,way
"Boulevard du 14e de Ligne",,,way
"Boulevard du 2e Lanciers",,,way
"Boulevard du 3ème Génie",,,way
"Boulevard du Rectorat",,,way
Burenville,,,way
"Chaussée de Gaulle",,,way
"Chaussée de Tongres",,,way
"Chaussée des Prés",,,way
"Chaussée du Sart Tilman",,,way
"Chemin Dupireux",,,way
"Chemin Georges Lemaître",,,way
"Chemin Ilya Prigogine",,,way
"Chemin Isala Van Diest",,,way
"Chemin Lise Meitner",,,way
"Chemin Michel Gobiet",,,way
"Chemin Polina Mendeleef",,,way
"Chemin d'Éole",,,way
"Chemin de Grand Maître",,,way
"Chemin de Rabosée",,,way
"Chemin de l'Ecurie",,,way
"Chemin de l'Osier",,,way
"Chemin de la Botanique",,,way
"Chemin de la Citadelle",,,way
"Chemin de la Clepsydre",,,way
"Chemin de la Curiosité",,,way
"Chemin de la Soquette",,,way
"Chemin des Cèdres",,,way
"Chemin des Puisatiers",,,way
"Chemin des Samares",,,way
"Chemin des Soupirs",,,way
"Chemin des Trèfles des Prés",,,way
"Chemin du Bois",,,way
"Chemin du Facteur",,,way
"Chemin du Tilleul",,,way
"Chemin du Trèfle",,,way
"Chemin n° 13",,,way
"Chemin n° 3",,,way
"Chemin n° 30",,,way
"Chemin vicinal n°30",,,way
"Cité Gérard Cloes",,,way
"Cité Renard",,,way
"Cité Théwis",,,way
"Cité des Mineurs",,,way
"Cité des Thiers",,,way
"Cité du Moulin",,,way
"Clos Anne De Chantraine",,,way
"Clos Chanmurly",,,way
"Clos Fanny Thibout",,,way
"Clos Fleuri",,,way
"Clos Hesbignon",,,way
"Clos Mercator",,,way
"Clos Michel Thiry",,,way
"Clos de l'Horticulture",,,way
"Clos des Briquetiers",,,way
"Clos des Chardonnerets",,,way
"Clos des Cherwiers",,,way
"Clos des Everglades",,,way
"Clos des Farfadets",,,way
"Clos des Lavandières",,,way
"Clos des Mésanges",,,way
"Clos des Phosphatières",,,way
"Clos des Postiers",,,way
"Clos des Sotês",,,way
"Clos du Long Sentier",,,way
"Clos du Phalanstère",,,way
"Clos du Vélodrome",,,way
"Clos du Vert Champs",,,way
"Clos du Vieux Bure",,,way
"Cour Goffinet",,,way
"Cour Hénaux",,,way
"Cour Jacquet",,,way
"Cour Laurant",,,way
"Cour Moreau",,,way
"Cour Poupier",,,way
"Cour Saint-Antoine",,,way
"Cour Saint-Gilles",,,way
"Cour Sarton",,,way
"Cour Soleil",,,way
"Cour Tassin",,,way
"Cour des Mineurs",,,way
"Cour des Minimes",,,way
"Cour du Rivage",,,way
"Degré des Artisans",,,way
"Degrés Saint-Pierre",,,way
"Degrès des Dentellières",,,way
"Degrés des Tisserands",,,way
"Drève de Fayen",,,way
"Drève des Aulnes",,,way
"Drève du Château",,,way
"En Bergerue",,,way
"En Féronstrée",,,way
"En Mi-la-ville",,,way
"En Neuvice",,,way
"En Tchirrowe",,,way
"Entrée du Parc des Animaux",,,way
Es-Lairesse,,,way
"Espace François Jacqmin",,,way
"Espace Tivoli",,,way
"Esplanade Albert 1er",,,way
"Esplanade Saint Léonard",,,relation
Favechamps,,,way
GR57,,,way
"Galeria Regina",,,way
"Galeries Saint-Lambert",,,way
"Gallerie Cathédrale",,,way
"Grande Traverse",,,way
"Haut Fawe",,,way
"Impasse Beco",,,way
"Impasse Boileau",,,way
"Impasse Croctay",,,way
"Impasse Defize",,,way
"Impasse Derousseau",,,way
"Impasse Gemay",,,way
"Impasse Gérard",,,way
"Impasse Guillaume",,,way
"Impasse Horion",,,way
"Impasse Hubert Goffin",,,way
"Impasse Jonckeu",,,way
"Impasse Macors",,,way
"Impasse Magnée",,,way
"Impasse Pissaine",,,way
"Impasse Simonis",,,way
"Impasse d'Elmer",,,way
"Impasse de Vottem",,,way
"Impasse de l'Avenir",,,way
"Impasse de la Gare",,,way
"Impasse de la Mutualité",,,way
"Impasse des Camus",,,way
"Impasse des Ursulines",,,way
"Impasse du Chéra",,,way
"Impasse du Gué",,,way
"Jardin Emile Vandervelde",,,way
"Jardin de l'abbé Firket",,,way
Jonruelle,,,way
L'Agora,,,way
"La Batte",,,way
"Large Voie",,,way
Lavaniste-Voie,,,way
"Le Cadran",,,way
"Le Carré",,,relation
"Mont Saint-Martin",,,way
"Montagne Sainte-Walburge",,,way
"Montagne de Bueren",,,way
"Parc Sauveur",,,way
"Parc de la Boverie",,,way
"Parvis des Écoliers",,,way
"Passage Boute-li-Cou",,,way
"Passage Charles Bury",,,way
"Passage Chaudoir",,,way
"Passage Jupe-en-Haut",,,way
"Passage Lemonnier",,,way
"Passage des Glaneuses",,,way
"Passage du Château d'eau",,,way
"Passage du Laitier",,,way
"Passage du vieux sart",,,way
"Passerelle La Belle Liégeoise",,,way
"Passerelle Léon Tchiniss",,,way
"Passerelle Mativa",,,way
"Passerelle Saucy",,,way
"Passerelle Vivegnis",,,way
"Passerelle de la Principauté de Liège",,,way
"Pazé del Vingne des Beddines",,,way
"Pelouse de dispersion ""Les Acacias""",,,way
"Place André Renard",,,way
"Place Andréa Jadoulle",,,way
"Place Barthélemy Vieillevoye",,,way
"Place Bonne Nouvelle",,,way
"Place Cockerill",,,way
"Place Coronmeuse",,,way
"Place Crève-Cœur",,,way
"Place De Brouckère",,,way
"Place Delcour",,,way
"Place Émile Dupont",,,way
"Place Ferrer",,,way
"Place Gabriel",,,way
"Place Georges Ista",,,way
"Place Gilles Étienne",,,way
"Place Hector Denis",,,way
"Place Henri Simon",,,way
"Place Henriette Brenu",,,way
"Place Hocheporte",,,way
"Place Hors-Ville",,,way
"Place Hubert-Pissard",,,way
"Place Jehan le Bel",,,way
"Place Joseph Dejardin",,,way
"Place Joseph Willem",,,way
"Place Jules Seeliger",,,way
"Place Louis de Geer",,,way
"Place Nicolas Bernimolin",,,way
"Place Notger",,,way
"Place Pierre Clerdent",,,relation
"Place Reine Astrid",,,way
"Place Saint Denis",,,way
"Place Saint Jacques",,,way
"Place Saint-Barthélemy",,,relation
"Place Saint-Christophe",,,way
"Place Saint-Étienne",,,way
"Place Saint-Lambert",,,relation
"Place Saint-Michel",,,way
"Place Saint-Nicolas",,,way
"Place Saint-Paul",,,relation
"Place Saint-Pholien",,,way
"Place Sainte Marie",,,relation
"Place Sainte-Barbe",,,way
"Place Sainte-Véronique",,,way
"Place Sainte-Walburge",,,way
"Place Sylvain Dupuis",,,way
"Place Théodore Gobert",,,way
"Place Théodore-Gobert",,,way
"Place Verte",,,way
"Place Vivegnis",,,way
"Place Xavier Neujean",,,way
"Place d'Elmer",,,way
"Place d'Italie",,,way
"Place de Bronckart",,,way
"Place de Meuse",,,way
"Place de l'Ourthe",,,way
"Place de l'Yser",,,way
"Place de la Cathédrale",,,relation
"Place de la Libération",,,way
"Place de la Liberté",,,way
"Place de la République Française",,,way
"Place de la Résistance",,,relation
"Place de la Solidarité",,,way
"Place de la Vieille-Montagne",,,way
"Place de la liberté",,,way
"Place des Abeilles",,,way
"Place des Arzis",,,way
"Place des Béguinages",,,way
"Place des Bons Enfants",,,way
"Place des Boutons d'Or",,,way
"Place des Carmes",,,way
"Place des Combattants",,,way
"Place des Conduites d'Eau",,,way
"Place des Déportés",,,way
"Place des Franchises",,,way
"Place des Fusillés",,,way
"Place des Guillemins",,,way
"Place des Hirondelles",,,way
"Place des Marronniers",,,way
"Place des Martyrs",,,way
"Place des Nations-Unies",,,way
"Place des Orateurs",,,way
"Place des Vennes",,,way
"Place des Wallons",,,way
"Place du Batty",,,way
"Place du Congrès",,,way
"Place du Flot",,,way
"Place du Fourchu Fossé",,,way
"Place du Général Leman",,,way
"Place du Gravier",,,way
"Place du Haut-Pré",,,relation
"Place du Marché",,,relation
"Place du Nord",,,way
"Place du Parc",,,way
"Place du Tilleul",,,way
"Place du Vieux-Puits",,,way
"Place du Wérihet",,,way
"Place du XX Août",,,way
"Place gît le Coq",,,way
"Plateau du Bouhay",,,way
"Pont Albert 1er",,,way
"Pont Atlas",,,way
"Pont Biais",,,way
"Pont Gaston",,,way
"Pont Gramme",,,way
"Pont Kennedy",,,way
"Pont Maghin",,,way
"Pont Marcotty",,,way
"Pont Marexhe",,,way
"Pont d'Amercœur",,,way
"Pont d'Île",,,way
"Pont d'Ougrée",,,way
"Pont de Belle-Île",,,way
"Pont de Bressoux",,,way
"Pont de Fétinne",,,way
"Pont de Fragnée",,,way
"Pont de Huy",,,way
"Pont de Liège",,,way
"Pont de Longdoz",,,way
"Pont de Milsaucy",,,way
"Pont de Namur",,,way
"Pont de Sauheid",,,way
"Pont des Arches",,,way
"Pont des Bayards",,,way
"Pont des Bruyères",,,way
"Pont des Grosses Battes",,,way
"Pont des Modeleurs",,,way
"Pont des Soupires",,,way
"Pont des Vennes",,,way
"Pont du Bouhay",,,way
"Pont du Diable",,,way
"Pont du Lhonneux",,,way
"Pont du Roi Albert",,,way
Potiérue,,,way
Publémont,,,way
"Quai Banning",,,way
"Quai Bonaparte",,,way
"Quai Churchill",,,way
"Quai Édouard Van Beneden",,,way
"Quai Gloesener",,,way
"Quai Gloessener",,,way
"Quai Godefroid Kurth",,,way
"Quai Henri Borguet",,,way
"Quai Joseph Wauters",,,way
"Quai Julien-Rémont",,,way
"Quai Marcellis",,,way
"Quai Mativa",,,way
"Quai Mickiels",,,way
"Quai Mozart",,,way
"Quai Paul van Hoegaerden",,,way
"Quai Roosevelt",,,way
"Quai Saint-Léonard",,,way
"Quai Saint-Paul de Sinçay",,,way
"Quai Sainte Barbe",,,way
"Quai Sainte-Barbe",,,way
"Quai Timmermans",,,way
"Quai Vercour",,,way
"Quai de Coronmeuse",,,way
"Quai de Gaulle",,,way
"Quai de Longdoz",,,way
"Quai de Maestricht",,,way
"Quai de Rome",,,way
"Quai de Wallonie",,,way
"Quai de l'Ourthe",,,way
"Quai de la Boverie",,,way
"Quai de la Dérivation",,,way
"Quai de la Goffe",,,way
"Quai de la Ribuée",,,way
"Quai des Ardennes",,,way
"Quai des Tanneurs",,,way
"Quai des Vennes",,,way
"Quai du Bac",,,way
"Quai du Barbou",,,way
"Quai du Condroz",,,way
"Quai du Halage",,,way
"Quai du Roi Albert",,,way
"Quai sur Meuse",,,way
RAVeL,,,way
"RAVeL 5",,,way
"RAVeL Ligne 210",,,way
"RAVeL Ligne 31",,,way
"RAVeL Meuse",,,way
"Rampe du Pont d'Ougrée",,,way
"Ravel 5 (Ligne 38)",,,way
"Résidence Fraternité",,,way
Rivage-en-Pot,,,way
"Rodgy Thier",,,way
Rodgy-Thier,,,way
"Rond-Point Marcel Florkin",,,way
"Rond-Point Simone David Constant",,,way
"Route de Boncelles",,,way
"Route de Légipont",,,way
"Route du Condroz",,,way
"Rue ""Sans Nom""",,,way
"Rue Achille Lebeau",,,way
"Rue Adèlaïde Coudère",,,way
"Rue Adelin et Jules Husson",,,way
"Rue Adolphe Borgnet",,,way
"Rue Adolphe Maréchal",,,way
"Rue Adrien de Witte",,,way
"Rue Agimont",,,way
"Rue Alban Poulet",,,way
"Rue Albert Mockel",,,way
"Rue Albert de Cuyck",,,way
"Rue Alex Bouvy",,,way
"Rue Alfred Magis",,,way
"Rue Alfred van beneden",,,way
"Rue Alphonse Tilkin",,,way
"Rue Ambiorix",,,way
"Rue André Delchef",,,way
"Rue André Dumont",,,way
"Rue André Renard",,,way
"Rue André Winands",,,way
"Rue Ansiaux",,,way
"Rue Armand Michaux",,,way
"Rue Armand Rassenfosse",,,way
"Rue Armand Stouls",,,way
"Rue Artus-bris",,,way
"Rue Auguste Buisseret",,,way
"Rue Auguste Donnay",,,way
"Rue Auguste Doutrepont",,,way
"Rue Auguste Hock",,,way
"Rue Auguste Javaux",,,way
"Rue Auguste Ponson",,,way
"Rue Aux-Pierres",,,way
"Rue Bagolet",,,relation
"Rue Baille-Colleye",,,way
"Rue Bailly-Deflandre",,,way
"Rue Bairoua",,,way
"Rue Barbe d'Or",,,way
"Rue Bas-Rhieux",,,way
"Rue Basse Cour",,,way
"Rue Basse Sauvenière",,,way
"Rue Basse-Wez",,,way
"Rue Bassenge",,,way
"Rue Bastin",,,way
"Rue Beeckman",,,way
"Rue Belle-vue",,,way
"Rue Belleflamme",,,way
"Rue Belvaux",,,way
"Rue Bernalmont",,,way
"Rue Bernimolin",,,way
"Rue Bertholet",,,way
"Rue Besonhez",,,way
"Rue Bidaut",,,way
"Rue Bihet",,,way
"Rue Billy",,,way
"Rue Bodson",,,way
"Rue Boileau",,,way
"Rue Bois Gotha",,,relation
"Rue Bois Guéau",,,way
"Rue Bois Mayette",,,way
"Rue Bois Saint-Jean",,,way
"Rue Bois d'Avroy",,,way
"Rue Bois de Sclessin",,,way
"Rue Bois l'Évêque",,,way
"Rue Bois-Chainoit",,,way
"Rue Bois-Mangon",,,way
"Rue Bois-Saint-Gilles",,,way
"Rue Bonne Fortune",,,way
"Rue Bonne Nouvelle",,,way
"Rue Bonne-Femme",,,way
"Rue Bonnier du Chène",,,way
"Rue Bontemps",,,way
"Rue Bossy",,,way
"Rue Bourdon",,,way
"Rue Bovy",,,way
"Rue Branche Planchard",,,way
"Rue Burton",,,way
"Rue Camille Lemonnier",,,way
"Rue Canal de l'Ourthe",,,way
"Rue Capitaine",,,way
"Rue Cardinal Cardijn",,,way
"Rue Carlier",,,way
"Rue Celestin Demblon",,,way
"Rue César Franck",,,way
"Rue César de Paepe",,,way
"Rue Chaffette",,,way
"Rue Chafnay",,,way
"Rue Chapeauville",,,way
"Rue Chapelle-des-Clercs",,,way
"Rue Charlemagne",,,way
"Rue Charles Bartholomez",,,way
"Rue Charles Gothier",,,way
"Rue Charles Horion",,,way
"Rue Charles Lejeune",,,way
"Rue Charles Magnette",,,way
"Rue Charles Morren",,,way
"Rue Charles Steenebruggen",,,way
"Rue Charles-Davin",,,way
"Rue Chaudthier",,,way
"Rue Chauve-Souris",,,way
"Rue Chéravoie",,,way
"Rue Chéri",,,way
"Rue Chevaufosse",,,way
"Rue Chevy",,,way
"Rue Chiff d'Or",,,way
"Rue Claude Strebelle",,,way
"Rue Coclers",,,way
"Rue Coclisart",,,way
"Rue Collée",,,way
"Rue Colompré",,,way
"Rue Comhaire",,,way
"Rue Commandant Duchesne",,,way
"Rue Commandant Naessens",,,way
"Rue Constantin Le Paige",,,way
"Rue Coqraimont",,,way
"Rue Corémolin",,,way
"Rue Côte d'Or",,,way
"Rue Counotte",,,way
"Rue Coupée",,,way
"Rue Court-Petit",,,way
"Rue Courte",,,way
"Rue Courtois",,,way
"Rue Crahay",,,way
"Rue Crève-Cœur",,,way
"Rue Croix Visé",,,way
"Rue Curtius",,,way
"Rue Darchis",,,way
"Rue Dartois",,,way
"Rue Dassonville",,,way
"Rue Daussoigne-Méhul",,,way
"Rue David",,,way
"Rue De La Distillerie",,,way
"Rue Defrance",,,way
"Rue Defrêcheux",,,way
"Rue Dehin",,,way
"Rue Delfosse",,,way
"Rue Delhaise",,,way
"Rue Delsemme",,,way
"Rue Demolin",,,way
"Rue Denis Lecocq",,,way
"Rue Denis Sotiau",,,way
"Rue Derrière Coronmeuse",,,way
"Rue Derrière le Chateau",,,way
"Rue Descardre",,,way
"Rue Désiré - Simonis",,,way
"Rue Dessus l'Église",,,way
"Rue Destriveaux",,,way
"Rue Devant l'Aîte",,,way
"Rue Devant les Écoliers",,,way
"Rue Deveux",,,way
"Rue Dieudonné Defrance",,,way
"Rue Dieudonné Salme",,,way
"Rue Docteur Bordet",,,way
"Rue Docteur Rasquinet",,,way
"Rue Donceel",,,way
"Rue Dony",,,way
"Rue Dos-Fanchon",,,way
"Rue Dossin",,,way
"Rue Dothée",,,way
"Rue Douffet",,,way
"Rue Du Castel",,,way
"Rue Duvivier",,,way
"Rue Edmond Jacquemotte",,,way
"Rue Édouard Marcotty",,,way
"Rue Édouard Remouchamps",,,way
"Rue Édouard Wacken",,,way
"Rue Élise Grandprez",,,way
"Rue Émile Collard",,,way
"Rue Émile Gérard",,,way
"Rue Emile Vandervelde",,,way
"Rue Emile Vandervelde - Rue Sainte-Marguerite",,,way
"Rue Émile Verhaeren",,,way
"Rue Émile Zola",,,way
"Rue En-Glain",,,way
"Rue Éracle",,,way
"Rue Ernest Malvoz",,,way
"Rue Ernest Marneffe",,,way
"Rue Ernest Solvay",,,way
"Rue Ernest de Bavière",,,way
"Rue Etienne Soubre",,,way
"Rue Eugène Houdret",,,way
"Rue Eugène Lambinon",,,way
"Rue Eugène Renette",,,way
"Rue Eugène Simonis",,,way
"Rue Eugène Vandenhoff",,,way
"Rue Eugène Ysaye",,,way
"Rue Fabry",,,way
"Rue Faleye",,,way
"Rue Fassin",,,way
"Rue Fauville",,,way
"Rue Félix Chaumont",,,way
"Rue Felix Paulsen",,,way
"Rue Félix Vandersnoeck",,,way
"Rue Ferdinand Borny",,,way
"Rue Ferdinand Desoer",,,way
"Rue Ferdinand Nicolay",,,way
"Rue Ferdinand-Hénaux",,,way
"Rue Fernand Dehousse",,,way
"Rue Fernand Heuveneers",,,way
"Rue Fernand Tilkin",,,way
"Rue Firquet",,,way
"Rue Fisen",,,way
"Rue Floréal",,,way
"Rue Florimont",,,way
"Rue Foidart",,,way
"Rue Fond Crahay",,,way
"Rue Fond Pirette",,,way
"Rue Fond Saint-Servais",,,way
"Rue Fond des Tawes",,,way
"Rue Fond du Bois",,,way
"Rue Fond du Chat",,,way
"Rue Fond du Moulin",,,way
"Rue Fond-de-Coy",,,way
"Rue Fondrivaux",,,way
"Rue Fontenale",,,way
"Rue Forgeur",,,way
"Rue Fortemps de Loneux",,,way
"Rue Fosse Miesny",,,way
"Rue Fosse-aux-Raines",,,way
"Rue Foxhalle",,,way
"Rue Fraîche",,,relation
"Rue Fraischamps",,,way
"Rue François Bovesse",,,way
"Rue François Lefèbvre",,,way
"Rue François Paquay",,,way
"Rue François Paul",,,way
"Rue François Struvay",,,way
"Rue Françoise Bernheim",,,way
"Rue Frédéric Nyst",,,way
"Rue Frère Michel",,,way
"Rue Frésart",,,way
"Rue Fusch",,,way
"Rue Gaillard Cheval",,,way
"Rue Galilée",,,way
"Rue Garde-Dieu",,,way
"Rue Gaston Laboulle",,,way
"Rue Gaston-Grégoire",,,way
"Rue Gaucet",,,way
"Rue Général Jacques de Dixmude",,,way
"Rue Général de Gaulle",,,way
"Rue Genot",,,way
"Rue George Rem",,,way
"Rue Georges Antoine",,,way
"Rue Georges Clemenceau",,,way
"Rue Georges Simenon",,,relation
"Rue Georges Thone",,,way
"Rue Gérardrie",,,way
"Rue Germinal",,,way
"Rue Gilbert Bisqueret",,,way
"Rue Gilleaux",,,way
"Rue Gilles Demarteau",,,way
"Rue Gilles Galler",,,way
"Rue Gilon",,,way
"Rue Git-le-Coq",,,way
"Rue Godefroid Halleux",,,way
"Rue Goswin",,,way
"Rue Gramme",,,way
"Rue Grand d'Jan",,,way
"Rue Grand-Bêche",,,way
"Rue Grande Tour",,,way
"Rue Grandgagnage",,,way
"Rue Gravioule",,,way
"Rue Grégoire",,,way
"Rue Grétry",,,way
"Rue Grignette",,,way
"Rue Guillaume Marie",,,way
"Rue Gustave Thiriart",,,way
"Rue Hamal",,,way
"Rue Haroun Tazieff",,,way
"Rue Haut Rieux",,,way
"Rue Haut des Tawes",,,way
"Rue Haut-Douy",,,way
"Rue Haute",,,way
"Rue Haute Sauvenière",,,way
"Rue Haute Voie",,,way
"Rue Haute-Wez",,,way
"Rue Hauzeur",,,way
"Rue Hazinelle",,,way
"Rue Hector Chainaye",,,way
"Rue Hector Denis",,,way
"Rue Heid de Maël",,,way
"Rue Hemricourt",,,way
"Rue Henkart",,,way
"Rue Hennequin",,,way
"Rue Hennet",,,way
"Rue Henri Alexandre",,,way
"Rue Henri Baron",,,way
"Rue Henri Bles",,,way
"Rue Henri Defêchereux",,,way
"Rue Henri Dumoulin",,,way
"Rue Henri Dunant",,,way
"Rue Henri Forir",,,way
"Rue Henri Koch",,,way
"Rue Henri Maus",,,way
"Rue Henri Nottet",,,way
"Rue Henri Pirenne",,,way
"Rue Henri Vieuxtemps",,,way
"Rue Henri de Dinant",,,way
"Rue Herman Reuleaux",,,way
"Rue Hézelon",,,way
"Rue Hippolyte Cornet",,,way
"Rue Hocheporte",,,way
"Rue Hongrée",,,way
"Rue Hors-Château",,,way
"Rue Hubble",,,way
"Rue Hubert Coune",,,way
"Rue Hubert Désamoré",,,way
"Rue Hubert Goffin",,,way
"Rue Hullos",,,way
"Rue Isi Collin",,,way
"Rue J.F. Kennedy",,,way
"Rue Jackie Jansens",,,way
"Rue Jacob Makoy",,,way
"Rue Jacques Brel",,,way
"Rue Jacques Lemaire",,,way
"Rue Jacquet",,,way
"Rue Jambe de Bois",,,way
"Rue Jamin Saint-Roch",,,way
"Rue Jean Allard",,,way
"Rue Jean Bury",,,way
"Rue Jean Delvoye",,,way
"Rue Jean Dister",,,way
"Rue Jean Gol",,,way
"Rue Jean Haust",,,way
"Rue Jean Hermesse",,,way
"Rue Jean Jaurès",,,way
"Rue Jean Jaurès - Rue Hubert Goffin",,,way
"Rue Jean Lejeune",,,way
"Rue Jean Lemasuy",,,way
"Rue Jean Nihoul",,,way
"Rue Jean Ramey",,,way
"Rue Jean Riga",,,way
"Rue Jean Somers",,,way
"Rue Jean Volders",,,way
"Rue Jean Warroquiers",,,way
"Rue Jean d'Outremeuse",,,way
"Rue Jean-Baptiste Cools",,,way
"Rue Jean-Baptiste Juppin",,,way
"Rue Jean-Bosly",,,way
"Rue Jean-Etienne",,,way
"Rue Jean-Mathieu Nisen",,,way
"Rue Jeanne Renotte",,,way
"Rue Jobette",,,way
"Rue Joffre",,,way
"Rue John Fitzgerald Kennedy",,,way
"Rue Joiret",,,way
"Rue Jolivet",,,way
"Rue Jondry",,,way
"Rue Jonfosse",,,way
"Rue Joseph Deflandre",,,way
"Rue Joseph Dejardin",,,way
"Rue Joseph Delboeuf",,,way
"Rue Joseph Demoulin",,,way
"Rue Joseph Donneaux",,,way
"Rue Joseph Halkin",,,way
"Rue Joseph Henrion",,,way
"Rue Joseph Hodeige",,,way
"Rue Joseph Jaspar",,,way
"Rue Joseph Joset",,,way
"Rue Joseph Lambermont",,,way
"Rue Joseph Lemaire",,,way
"Rue Joseph Marcotty",,,way
"Rue Joseph Pirotte",,,way
"Rue Joseph Raskin",,,way
"Rue Joseph Rémy",,,way
"Rue Joseph Rulot",,,way
"Rue Joseph Truffaut",,,way
"Rue Joseph Vrindts",,,way
"Rue Joseph Willem",,,way
"Rue Joseph Wouters",,,way
"Rue Jules Boursier",,,way
"Rue Jules Claskin",,,way
"Rue Jules Cralle",,,way
"Rue Jules Destrée",,,way
"Rue Jules Verne",,,way
"Rue Jules de Laminne",,,way
"Rue Julien Lahaut",,,way
"Rue Julien d'Andrimont",,,way
"Rue Justin Lenders",,,way
"Rue Kepler",,,way
"Rue Kinet",,,way
"Rue Kipelle",,,way
"Rue Lacroix",,,way
"Rue Ladjet",,,way
"Rue Lahaut",,,way
"Rue Lairesse",,,way
"Rue Laixhay",,,way
"Rue Lamarche",,,way
"Rue Lamarck",,,way
"Rue Lambert Grisard",,,way
"Rue Lambert Lombard",,,way
"Rue Lambert Suavius",,,way
"Rue Lambert-le-Bègue",,,way
"Rue Lambinon",,,way
"Rue Laport",,,way
"Rue Large",,,way
"Rue Lassaux",,,way
"Rue Laurent de Koninck",,,way
"Rue Lebeau",,,way
"Rue Lejeune",,,way
"Rue Lemille",,,way
"Rue Léon Frédéricq",,,way
"Rue Léon Mignon",,,way
"Rue Leon Troclet",,,way
"Rue Léonard Terry",,,way
"Rue Léopold",,,way
"Rue Léopold Harzé",,,way
"Rue Lesoinne",,,way
"Rue Libon",,,way
"Rue Libotte",,,way
"Rue Lohest",,,way
"Rue Longue",,,way
"Rue Lonhienne",,,way
"Rue Louis Abry",,,way
"Rue Louis Bonfond",,,way
"Rue Louis Boumal",,,way
"Rue Louis Fraigneux",,,way
"Rue Louis Jamme",,,way
"Rue Louis Pasteur",,,way
"Rue Louis Willems",,,way
"Rue Louise Derache",,,way
"Rue Louise Jehotte",,,way
"Rue Louvrex",,,way
"Rue Lovinfosse",,,way
"Rue Lucie Deltour",,,way
"Rue Lulay des Fèbvres",,,way
"Rue Ma Campagne",,,way
"Rue Mabiet",,,way
"Rue Maghin",,,way
"Rue Malvaux",,,way
"Rue Mandeville",,,way
"Rue Marcel Remy",,,way
"Rue Marcel Thiry",,,way
"Rue Marcel-Remy",,,way
"Rue Marçon",,,way
"Rue Maréchal Foch",,,way
"Rue Marengo",,,way
"Rue Marie-Louise-Naveau",,,way
"Rue Mathieu Bodson",,,way
"Rue Mathieu Laensbergh",,,way
"Rue Mathieu Polain",,,way
"Rue Matrognard",,,way
"Rue Matteoti",,,way
"Rue Maurice Wilmotte",,,way
"Rue Maurice Yans",,,way
"Rue Max Buset",,,way
"Rue Méan",,,way
"Rue Méaroulle",,,way
"Rue Mère Dieu",,,way
"Rue Michel Moutschen",,,way
"Rue Mississippi",,,way
"Rue Molinvaux",,,way
"Rue Monrinval",,,way
"Rue Montgomery",,,way
"Rue Monulphe",,,way
"Rue Moray",,,way
"Rue Mosselman",,,way
"Rue Moulan",,,way
"Rue Moulin-à-Vent",,,way
"Rue Mueseler",,,way
"Rue Nagelmackers",,,way
"Rue Naimette",,,way
"Rue Naniot",,,way
"Rue Natalis",,,way
"Rue Navette",,,way
"Rue Nesto-Michel",,,way
"Rue Neuve",,,way
"Rue Neuville",,,way
"Rue Nicolas Coumans",,,way
"Rue Nicolas Fassin",,,way
"Rue Nicolas Goblet",,,way
"Rue Nicolas Kinet",,,way
"Rue Nicolas Philippe",,,way
"Rue Nicolas Pietkin",,,way
"Rue Nicolas Spiroux",,,way
"Rue Noé Renson",,,way
"Rue Nouvelle Percée",,,way
"Rue Nysten",,,way
"Rue Oscar Beck",,,way
"Rue Oscar Englebert",,,way
"Rue Oscar Remy",,,way
"Rue Ovide Decroly",,,way
"Rue Paire Maquet",,,way
"Rue Panade",,,way
"Rue Panaye",,,way
"Rue Paradis",,,way
"Rue Patenier",,,way
"Rue Paul Debraz",,,way
"Rue Paul Devaux",,,way
"Rue Paul Janson",,,way
"Rue Paul-Joseph Carpay",,,way
"Rue Paul-Joseph Delcloche",,,way
"Rue Péclers",,,way
"Rue Pépin-le-bref",,,way
"Rue Pétry",,,way
"Rue Pied Pont des Arches",,,way
"Rue Pied du Thier à Liège",,,way
"Rue Piedboeuf",,,way
"Rue Pierre Curie",,,way
"Rue Pierre Molinghen",,,way
"Rue Pierreuse",,,relation
"Rue Pirette",,,way
"Rue Pirnay",,,way
"Rue Plumier",,,way
"Rue Pokietonov",,,way
"Rue Pont Saint-Nicolas",,,way
"Rue Pont d'Avroy",,,way
"Rue Pont des Vennes",,,way
"Rue Pont-Thomas",,,way
"Rue Porte Grumsel",,,way
"Rue Porte-aux-Oies",,,way
"Rue Pouplin",,,way
"Rue Pre Cala",,,way
"Rue Pré du Cygne",,,way
"Rue Priessevoye",,,way
"Rue Prince-de-Liège",,,way
"Rue Principale",,,way
"Rue Professeur Mahaim",,,way
"Rue Provinciale",,,way
"Rue Puits-en-Sock",,,way
"Rue Raes-de-Heers",,,way
"Rue Raikem",,,way
"Rue Ramoux",,,way
"Rue Ransonnet",,,way
"Rue Ravinhay",,,way
"Rue Raymond Geenen",,,way
"Rue Régnier-Poncelet",,,way
"Rue Renardi",,,way
"Rue René Delbrouck",,,way
"Rue René Demoitelle",,,way
"Rue René Pennartz",,,way
"Rue Renkin",,,way
"Rue Rennequin Sualem",,,way
"Rue Renoz",,,way
"Rue Renwa",,,way
"Rue Reynier",,,way
"Rue Richard Heintz",,,way
"Rue Robertson",,,way
"Rue Robiet - Route du Condroz",,,way
"Rue Robiet - Rue de Liège",,,way
"Rue Roger Noiset",,,way
"Rue Romaine",,,way
"Rue Roture",,,way
"Rue Rouleau",,,way
"Rue Rouveroy",,,way
"Rue Rutxhiel",,,way
"Rue Saint Laurent",,,way
"Rue Saint Paul",,,way
"Rue Saint-Adalbert",,,way
"Rue Saint-Barthélemy",,,way
"Rue Saint-Denis",,,way
"Rue Saint-Éloi",,,way
"Rue Saint-Gangulphe",,,way
"Rue Saint-Georges",,,way
"Rue Saint-Gilles",,,way
"Rue Saint-Hubert",,,way
"Rue Saint-Jacques",,,way
"Rue Saint-Jean-Baptiste",,,way
"Rue Saint-Jean-en-Île",,,way
"Rue Saint-Julien",,,way
"Rue Saint-Laurent",,,way
"Rue Saint-Léon",,,way
"Rue Saint-Léonard",,,way
"Rue Saint-Martin-en-Île",,,way
"Rue Saint-Maur",,,way
"Rue Saint-Michel",,,way
"Rue Saint-Nicolas",,,way
"Rue Saint-Pholien",,,way
"Rue Saint-Pierre",,,way
"Rue Saint-Remacle",,,way
"Rue Saint-Remy",,,way
"Rue Saint-Séverin",,,way
"Rue Saint-Thomas",,,way
"Rue Saint-Vincent",,,way
"Rue Sainte Anne",,,way
"Rue Sainte Marie",,,way
"Rue Sainte Véronique",,,way
"Rue Sainte-Aldegonde",,,way
"Rue Sainte-Catherine",,,way
"Rue Sainte-Croix",,,way
"Rue Sainte-Julienne",,,way
"Rue Sainte-Marguerite",,,way
"Rue Sainte-Walburge",,,way
"Rue Salvador",,,way
"Rue Salvador Allende",,,way
"Rue Sart-Blanche",,,way
"Rue Sart-Moray",,,way
"Rue Saumery",,,way
"Rue Schlemmer",,,way
"Rue Schmerling",,,way
"Rue Sébastien Laruelle",,,way
"Rue Sergent Merx",,,way
"Rue Serrurier-Bovy",,,way
"Rue Servais Malaise",,,relation
"Rue Simon Burnet",,,way
"Rue Simon Radoux",,,way
"Rue Simonon",,,way
"Rue Sœur Lutgardis",,,way
"Rue Sœurs de Hasque",,,way
"Rue Sohet",,,way
"Rue Sopers",,,way
"Rue Soubre",,,way
"Rue Sous le Bois",,,way
"Rue Sous les Vignes",,,way
"Rue Souverain Pont",,,way
"Rue Stanislas Fleussu",,,way
"Rue Stappers",,,way
"Rue Stephany",,,way
"Rue Strailhe",,,way
"Rue Surlet",,,way
"Rue Tanixhe",,,way
"Rue Tesny",,,way
"Rue Tête de Boeuf",,,way
"Rue Théo Beauduin",,,way
"Rue Théodore Bouille",,,way
"Rue Théodore Cuitte",,,way
"Rue Théodore Schwann",,,way
"Rue Théodore de Bry",,,way
"Rue Théophile Bovy",,,way
"Rue Thier Del Dague",,,way
"Rue Thône",,,way
"Rue Tour-en-Bêche",,,way
"Rue Tournant Saint-Paul",,,way
"Rue Toussaint Beaujean",,,way
"Rue Trappé",,,way
"Rue Tribouillet",,,way
"Rue Triolet",,,way
"Rue Trou Louette",,,way
"Rue Trou Souris",,,way
"Rue Valdor",,,way
"Rue Valère Hénault",,,way
"Rue Valkenberg",,,way
"Rue Vapart",,,way
"Rue Varin",,,way
"Rue Vaudrée",,,way
"Rue Velbruck",,,way
"Rue Vert Buisson",,,way
"Rue Verte Houmerèsse",,,way
"Rue Verte-Voie",,,way
"Rue Victor Carpentier",,,way
"Rue Victor Croisier",,,way
"Rue Vieille",,,way
"Rue Vignoul",,,way
"Rue Viktor Raskin",,,way
"Rue Villenfagne",,,way
"Rue Villette",,,way
"Rue Vinâve",,,way
"Rue Visé-Voie",,,way
"Rue Vivegnis",,,way
"Rue Vivi Potale",,,way
"Rue Vivihouet",,,way
"Rue Voie des Prés",,,way
"Rue Volière",,,way
"Rue Wacheray",,,way
"Rue Waleffe",,,way
"Rue Waltère Hamay",,,way
"Rue Walthère Damery",,,way
"Rue Walthère Dewé",,,way
"Rue Walthère Jamar",,,way
"Rue Walthère Lallemand",,,way
"Rue Wazon",,,way
"Rue Wérihet",,,way
"Rue Wesphal",,,way
"Rue Wibrin",,,way
"Rue Wiertz",,,way
"Rue Wilmart",,,way
"Rue Winston Churchill",,,way
"Rue Xhovémont",,,way
"Rue Zabay",,,way
"Rue à Matche",,,way
"Rue aux Chevaux",,,way
"Rue aux Frênes",,,way
"Rue d'Alleur",,,way
"Rue d'Amay",,,way
"Rue d'Amercœur",,,way
"Rue d'Angleur",,,way
"Rue d'Ans",,,relation
"Rue d'Anthisnes",,,way
"Rue d'Awans",,,relation
"Rue d'Elmer",,,way
"Rue d'Embourg",,,way
"Rue d'Esch-Sur-Alzette",,,way
"Rue d'Harscamp",,,way
"Rue d'Italie",,,way
"Rue d'Omalius",,,way
"Rue d'Ougrée",,,way
"Rue de Belle-Île",,,way
"Rue de Belle-île",,,way
"Rue de Berghes",,,way
"Rue de Berloz",,,way
"Rue de Bex",,,way
"Rue de Beyne",,,way
"Rue de Bois de Breux",,,way
"Rue de Boncelles",,,way
"Rue de Bourgogne",,,way
"Rue de Brialmont",,,way
"Rue de Burenville",,,way
"Rue de Campine",,,way
"Rue de Chaudfontaine",,,way
"Rue de Chênée",,,way
"Rue de Chestret",,,way
"Rue de Chèvremont",,,way
"Rue de Clerembault",,,way
"Rue de Cornillon",,,way
"Rue de Cracovie",,,way
"Rue de Droixhe",,,way
"Rue de Fayenster",,,way
"Rue de Fétinne",,,way
"Rue de Fexhe",,,way
"Rue de Fléron",,,way
"Rue de Fontainebleau",,,way
"Rue de Fragnée",,,way
"Rue de Gaillarmont",,,relation
"Rue de Grâce-Berleur",,,way
"Rue de Grivegnée",,,way
"Rue de Gueldre",,,way
"Rue de Harlez",,,way
"Rue de Herstal",,,way
"Rue de Herve",,,way
"Rue de Hesbaye",,,way
"Rue de Jemeppe",,,way
"Rue de Joie",,,way
"Rue de Kinkempois",,,way
"Rue de L'Avocat",,,way
"Rue de L'enclos",,,way
"Rue de Lantin",,,way
"Rue de Latour",,,way
"Rue de Liège",,,way
"Rue de Londres",,,way
"Rue de Magdebourg",,,way
"Rue de Meuse",,,way
"Rue de Mons",,,way
"Rue de Montegnée",,,way
"Rue de Moresnet",,,way
"Rue de Mulhouse",,,way
"Rue de Namur",,,way
"Rue de Paris",,,way
"Rue de Péralta",,,way
"Rue de Pilzen",,,way
"Rue de Pitteurs",,,way
"Rue de Porto",,,way
"Rue de Rabosée",,,way
"Rue de Renory",,,way
"Rue de Robermont",,,way
"Rue de Rocourt",,,way
"Rue de Rotterdam",,,way
"Rue de Sauheid",,,way
"Rue de Sclessin",,,way
"Rue de Sélys",,,way
"Rue de Seraing",,,way
"Rue de Serbie",,,way
"Rue de Sluse",,,way
"Rue de Sordeye",,,way
"Rue de Souverain Wandre",,,way
"Rue de Souvret",,,way
"Rue de Spa",,,way
"Rue de Stavelot",,,way
"Rue de Streupas",,,way
"Rue de Tilff",,,way
"Rue de Tilleur",,,way
"Rue de Trazegnies",,,way
"Rue de Turin",,,way
"Rue de Valenciennes",,,way
"Rue de Verviers",,,way
"Rue de Visé",,,way
"Rue de Visé - Rue Mathieu Steenebrugen",,,way
"Rue de Volgograd",,,way
"Rue de Vottem",,,way
"Rue de Waremme",,,way
"Rue de Waroux",,,way
"Rue de Weltzar",,,way
"Rue de Xhavée",,,way
"Rue de l'Abarin",,,way
"Rue de l'Abattoir",,,way
"Rue de l'Abbé Genten",,,way
"Rue de l'Académie",,,way
"Rue de l'Agneau",,,way
"Rue de l'Aigle Noir",,,way
"Rue de l'Alignement",,,way
"Rue de l'Amblève",,,way
"Rue de l'Ancienne École",,,way
"Rue de l'Araine",,,way
"Rue de l'Arbois",,,way
"Rue de l'Arbre Courte Joie",,,way
"Rue de l'Arbre Courte Joie - Rue du Vicinal",,,way
"Rue de l'Arbre Sainte-Barbe",,,way
"Rue de l'Arène",,,way
"Rue de l'Armistice",,,way
"Rue de l'Arsenal",,,way
"Rue de l'Aumônier",,,way
"Rue de l'Aunaie",,,way
"Rue de l'Avenir",,,way
"Rue de l'Aviation",,,way
"Rue de l'Avouerie",,,way
"Rue de l'Église",,,way
"Rue de l'Enclume",,,way
"Rue de l'Enfer",,,way
"Rue de l'Enseignement",,,way
"Rue de l'Épargne",,,way
"Rue de l'Ermitage",,,way
"Rue de l'Espérance",,,way
"Rue de l'Espinette",,,way
"Rue de l'Espoir",,,way
"Rue de l'État Tiers",,,way
"Rue de l'Etuve",,,way
"Rue de l'Europe",,,way
"Rue de l'Evêché",,,way
"Rue de l'Hippodrome",,,way
"Rue de l'Horizon",,,way
"Rue de l'Hôtel Communal",,,way
"Rue de l'Hôtel de Ville",,,way
"Rue de l'Île Coune",,,way
"Rue de l'Île Monsin",,,way
"Rue de l'Île aux Corbeaux",,,way
"Rue de l'Intendance",,,way
"Rue de l'Oasis",,,way
"Rue de l'Official",,,way
"Rue de l'Orphéon",,,way
"Rue de l'Ourthe",,,way
"Rue de l'Université",,,way
"Rue de l'Usine",,,way
"Rue de l'ange bleu",,,way
"Rue de la Barge",,,way
"Rue de la Barrière",,,way
"Rue de la Batterie",,,way
"Rue de la Belle Fleur",,,way
"Rue de la Belle-Jardinière",,,way
"Rue de la Bergerie",,,way
"Rue de la Boucherie",,,way
"Rue de la Boulangerie",,,way
"Rue de la Brasserie",,,way
"Rue de la Briqueterie",,,way
"Rue de la Butte",,,way
"Rue de la Câblerie",,,way
"Rue de la Canonnerie",,,way
"Rue de la Casquette",,,way
"Rue de la Cathédrale",,,way
"Rue de la Centrale",,,way
"Rue de la Chaîne",,,way
"Rue de la Chapelle",,,way
"Rue de la Charité",,,way
"Rue de la Charrette",,,way
"Rue de la Chartreuse",,,way
"Rue de la Chaudronnerie",,,way
"Rue de la Cité",,,way
"Rue de la Clinique",,,way
"Rue de la Colline",,,way
"Rue de la Commune",,,way
"Rue de la Concorde",,,way
"Rue de la Coopération",,,way
"Rue de la Crête",,,way
"Rue de la Digue",,,way
"Rue de la Dîme",,,way
"Rue de la Faille",,,way
"Rue de la Ferme",,,way
"Rue de la Foleresse",,,way
"Rue de la Fonderie",,,way
"Rue de la Fontaine",,,way
"Rue de la Forêt",,,way
"Rue de la Forge",,,way
"Rue de la Gare",,,way
"Rue de la Goffe",,,way
"Rue de la Halle",,,way
"Rue de la Haminde",,,way
"Rue de la Haye",,,way
"Rue de la Houillière",,,way
"Rue de la Jonchaie",,,way
"Rue de la Justice",,,way
"Rue de la Lèche",,,way
"Rue de la Légia",,,way
"Rue de la Légia - Rue des Moulins",,,way
"Rue de la Libération",,,way
"Rue de la Liberté",,,way
"Rue de la Libre Pensée",,,way
"Rue de la Limite",,,way
"Rue de la Linière",,,way
"Rue de la Lisière",,,way
"Rue de la Loi",,,way
"Rue de la Madeleine",,,way
"Rue de la Mare",,,way
"Rue de la Metairie",,,way
"Rue de la Métallurgie",,,way
"Rue de la Montagne",,,way
"Rue de la Mutualité",,,way
"Rue de la Passerelle",,,way
"Rue de la Plaine",,,way
"Rue de la Pompe",,,way
"Rue de la Populaire",,,way
"Rue de la Poule",,,way
"Rue de la Préfecture",,,way
"Rue de la Prévoyance",,,way
"Rue de la Province",,,way
"Rue de la Rainette",,,way
"Rue de la Rampe",,,way
"Rue de la Reconnaissance",,,way
"Rue de la Régence",,,way
"Rue de la République",,,way
"Rue de la Résidence",,,way
"Rue de la Résistance",,,way
"Rue de la Révision",,,way
"Rue de la Rose",,,way
"Rue de la Sablonière",,,way
"Rue de la Sarte",,,way
"Rue de la Scierie",,,way
"Rue de la Scorre",,,way
"Rue de la Sèche",,,way
"Rue de la Sidérurgie",,,way
"Rue de la Sirène",,,way
"Rue de la Solidarité",,,way
"Rue de la Station",,,way
"Rue de la Tombe",,,way
"Rue de la Tonne",,,way
"Rue de la Treille",,,way
"Rue de la Tuilerie",,,way
"Rue de la Vaussale",,,way
"Rue de la Veine Sothuy",,,way
"Rue de la Vesdre",,,way
"Rue de la Vielle Montagne",,,way
"Rue de la Vielle-Tour",,,way
"Rue de la Violette",,,way
"Rue de la Wache",,,way
"Rue de'l Rodge Cinse",,,way
"Rue des Abeilles",,,way
"Rue des Acacias",,,way
"Rue des Aguesses",,,way
"Rue des Airelles",,,way
"Rue des Airs",,,way
"Rue des Alisiers",,,way
"Rue des Alouettes",,,way
"Rue des Anciennes Houblonnières",,,way
"Rue des Anémones",,,way
"Rue des Anges",,,way
"Rue des Anglais",,,relation
"Rue des Argilières",,,way
"Rue des Armuriers",,,way
"Rue des Artisans",,,way
"Rue des Ateliers",,,way
"Rue des Aubépines",,,way
"Rue des Augustins",,,way
"Rue des Aveugles",,,relation
"Rue des Bayards",,,way
"Rue des Beaux-Arts",,,way
"Rue des Bédennes",,,way
"Rue des Bégards",,,way
"Rue des Bergers",,,way
"Rue des Blés",,,way
"Rue des Bluets",,,way
"Rue des Bonnes-Villes",,,way
"Rue des Bons Enfants",,,way
"Rue des Boteresses",,,way
"Rue des Bouleaux",,,way
"Rue des Brasseurs",,,way
"Rue des Bruyères",,,way
"Rue des Buis",,,way
"Rue des Buissons",,,way
"Rue des Cabayes",,,way
"Rue des Cailloux",,,way
"Rue des Canonniers",,,way
"Rue des Carmes",,,way
"Rue des Célestines",,,way
"Rue des Cenelles",,,way
"Rue des Chaineux",,,way
"Rue des Châlets",,,way
"Rue des Champs",,,way
"Rue des Chapelains",,,way
"Rue des Charbonnages",,,way
"Rue des Charmilles",,,way
"Rue des Chasseurs Ardennais",,,way
"Rue des Chèvresfeuilles",,,way
"Rue des Chrysanthèmes",,,way
"Rue des Clarisses",,,way
"Rue des Cloutiers",,,way
"Rue des Combattants",,,way
"Rue des Comparchonniers",,,way
"Rue des Coquelicots",,,way
"Rue des Cortils",,,way
"Rue des Cotillages",,,way
"Rue des Coudriers",,,way
"Rue des Cours",,,way
"Rue des Courteaux",,,relation
"Rue des Crâhlis",,,way
"Rue des Critchions",,,way
"Rue des Croisiers",,,way
"Rue des Croix de Guerre",,,way
"Rue des Cytises",,,way
"Rue des Dahlias",,,way
"Rue des Demoiselles",,,way
"Rue des Déportés",,,way
"Rue des Dominicains",,,way
"Rue des Eaux Noires",,,way
"Rue des Eburons",,,way
"Rue des Écoles",,,way
"Rue des Écoliers",,,way
"Rue des Écureuils",,,way
"Rue des Églantiers",,,way
"Rue des Églantines",,,way
"Rue des Expositions",,,way
"Rue des Facultés",,,way
"Rue des Fagnes",,,way
"Rue des Fauvettes",,,way
"Rue des Fontaines-Roland",,,way
"Rue des Forgerons",,,way
"Rue des Fories",,,way
"Rue des Fortifications",,,way
"Rue des Fossés",,,way
"Rue des Fossettes",,,way
"Rue des Fougères",,,way
"Rue des Fourons",,,way
"Rue des Fraisiers",,,way
"Rue des Français",,,way
"Rue des Franchimontois",,,way
"Rue des Frères Philipart",,,way
"Rue des Fusillés",,,way
"Rue des Gardes-Frontieres",,,way
"Rue des Geais",,,way
"Rue des Genêts",,,way
"Rue des Glacis",,,way
"Rue des Godets",,,way
"Rue des Grands Champs",,,way
"Rue des Grands Prés",,,way
"Rue des Grands-Champs",,,way
"Rue des Gravillons",,,way
"Rue des Grignoux",,,way
"Rue des Guillemins",,,way
"Rue des Haïsses",,,way
"Rue des Haveurs",,,way
"Rue des Heids",,,way
"Rue des Héros",,,way
"Rue des Hiercheuses",,,way
"Rue des Hirondelles",,,way
"Rue des Homes",,,way
"Rue des Hotteuses",,,way
"Rue des Houblonnières",,,way
"Rue des Houilléres",,,way
"Rue des Houlpays",,,way
"Rue des Ixellois",,,way
"Rue des Jardinets",,,way
"Rue des Joncs",,,way
"Rue des Jonquilles",,,way
"Rue des Labours",,,way
"Rue des Lauriers",,,way
"Rue des Linots",,,way
"Rue des Lys",,,way
"Rue des Machiroux",,,way
"Rue des Maraîchers",,,way
"Rue des Marecages",,,way
"Rue des Marêts",,,way
"Rue des Marguerites",,,way
"Rue des Mariniers",,,way
"Rue des Martyrs",,,way
"Rue des Mauvaises Vignes",,,relation
"Rue des Merwettes",,,way
"Rue des Mésanges",,,way
"Rue des Métiers",,,way
"Rue des Meuniers",,,way
"Rue des Mimosas",,,way
"Rue des Mineurs",,,way
"Rue des Moineaux",,,way
"Rue des Moissons",,,way
"Rue des Montagnards",,,way
"Rue des Moulins",,,way
"Rue des Mugets",,,way
"Rue des Myrtilles",,,way
"Rue des Naiveux",,,way
"Rue des Neuf-Journaux",,,way
"Rue des Neuves Brassines",,,way
"Rue des Noctuelles",,,way
"Rue des Noyers",,,way
"Rue des Noyers - Rue du Centre",,,way
"Rue des Oblats",,,way
"Rue des Oeillets",,,way
"Rue des Orchidées",,,way
"Rue des Pampres",,,way
"Rue des Papillards",,,way
"Rue des Partisans",,,way
"Rue des Pâturages",,,way
"Rue des Pépinières",,,way
"Rue des Petites Bruyères",,,way
"Rue des Petites Roches",,,way
"Rue des Petites Vignes",,,way
"Rue des Peupliers",,,way
"Rue des Pics noirs",,,way
"Rue des Piétresses",,,way
"Rue des Pinsons",,,way
"Rue des Pipiers",,,way
"Rue des Platineurs",,,way
"Rue des Pnsons",,,way
"Rue des Pocheteux",,,way
"Rue des Poiners",,,way
"Rue des Pôles",,,way
"Rue des Pontons",,,way
"Rue des Porteuses d'Eau",,,way
"Rue des Prairies",,,way
"Rue des Prébendiers",,,way
"Rue des Prémontrés",,,way
"Rue des Prés",,,way
"Rue des Primeroses",,,way
"Rue des Primeurs",,,way
"Rue des Primevères",,,way
"Rue des Puddleurs",,,way
"Rue des Puisatiers",,,way
"Rue des Quatorze Verges",,,way
"Rue des Ramiers",,,way
"Rue des Récollets",,,way
"Rue des Remparts",,,way
"Rue des Rivageois",,,way
"Rue des Robiniers",,,way
"Rue des Sarts",,,way
"Rue des Semailles",,,way
"Rue des Sorbiers",,,way
"Rue des Steppes",,,way
"Rue des Sureaux",,,way
"Rue des Tamaris",,,way
"Rue des Tanneurs",,,way
"Rue des Tawes",,,way
"Rue des Tendeurs",,,way
"Rue des Thuyas",,,way
"Rue des Tigres",,,way
"Rue des Trixhes",,,way
"Rue des Trois Grands",,,way
"Rue des Trois Rivages",,,way
"Rue des Urbanistes",,,way
"Rue des Vennes",,,way
"Rue des Ventaux",,,way
"Rue des Vergers",,,way
"Rue des Vieilles-Terres",,,way
"Rue des Vignerons",,,way
"Rue des Vignes",,,way
"Rue des Vingt-Deux",,,way
"Rue des Waides",,,way
"Rue des Wallons",,,way
"Rue des jasmins",,,way
"Rue des steppes",,,way
"Rue des wallons",,,way
"Rue du Bâneux",,,way
"Rue du Banneux",,,way
"Rue du Baron",,,way
"Rue du Bassin",,,way
"Rue du Bastion",,,way
"Rue du Bateau",,,way
"Rue du Batty",,,way
"Rue du Beau Hêtre",,,way
"Rue du Beau-Mur",,,way
"Rue du Beau-Site",,,way
"Rue du Béchuron",,,way
"Rue du Bel Horizon",,,way
"Rue du Bénélux",,,way
"Rue du Biez",,,way
"Rue du Bois La Dame",,,way
"Rue du Bois Sauvage",,,way
"Rue du Bois-Joli",,,way
"Rue du Boisselier",,,way
"Rue du Boqueteau",,,way
"Rue du Borinage",,,way
"Rue du Bosquet",,,way
"Rue du Calvaire",,,way
"Rue du Canal-de-l'Ourthe",,,way
"Rue du Carmel",,,way
"Rue du Cellier",,,way
"Rue du Centenaire",,,relation
"Rue du Centre Spatial",,,way
"Rue du Champay",,,way
"Rue du Champion",,,way
"Rue du Charbonnage",,,way
"Rue du Châtaignier",,,way
"Rue du Château",,,way
"Rue du Château Massart",,,way
"Rue du Chemin de Fer",,,way
"Rue du Chêne",,,way
"Rue du Chéra",,,way
"Rue du Cheval Blanc",,,way
"Rue du Cimetière",,,way
"Rue du Clairbois",,,way
"Rue du Commandant Marchand",,,way
"Rue du Commandant Speesen",,,way
"Rue du Confluent",,,way
"Rue du Conseil",,,way
"Rue du Coplay",,,way
"Rue du Coq",,,way
"Rue du Couvent",,,way
"Rue du Couvent - Rue Emile Vandervelde",,,way
"Rue du Crucifix",,,way
"Rue du Diable",,,way
"Rue du Diamant",,,way
"Rue du Dossay",,,way
"Rue du Falchena",,,way
"Rue du Fer",,,way
"Rue du Fort de Loncin",,,way
"Rue du Fort de Pontisse",,,way
"Rue du Fourchufossé",,,way
"Rue du Fourneau",,,way
"Rue du Gai Logi",,,way
"Rue du Gay Village",,,way
"Rue du Général Bertrand",,,way
"Rue du Général Charles Collyns",,,way
"Rue du Général Modard",,,way
"Rue du Géron",,,way
"Rue du Grain",,,way
"Rue du Grand Thier",,,way
"Rue du Gravier",,,way
"Rue du Gros Gland",,,way
"Rue du Haut Pavé",,,way
"Rue du Haut-Pré",,,way
"Rue du Homvent",,,way
"Rue du Jardin Botanique",,,way
"Rue du Laminoir",,,way
"Rue du Laveu",,,way
"Rue du Limbourg",,,way
"Rue du Lombard",,,way
"Rue du Magnolia",,,way
"Rue du Major",,,way
"Rue du Mambour",,,way
"Rue du Marché",,,way
"Rue du Maréchal Ferrant",,,way
"Rue du Martyr",,,way
"Rue du Martyr Ferrer",,,way
"Rue du Mayeur",,,way
"Rue du Mémorial",,,way
"Rue du Méry",,,way
"Rue du Moulin",,,way
"Rue du Mouton Blanc",,,way
"Rue du Mûrler",,,way
"Rue du Nord-Belge",,,way
"Rue du Palais",,,way
"Rue du Panorama",,,way
"Rue du Pâquier",,,way
"Rue du Parc",,,way
"Rue du Parlement",,,way
"Rue du Passage-d'Eau",,,way
"Rue du Pays de Liège - Route du Pays de Liège",,,way
"Rue du Perron",,,way
"Rue du Petit Chêne",,,way
"Rue du Plan Incliné",,,way
"Rue du Plein Vent",,,way
"Rue du Plope",,,way
"Rue du Pommier",,,way
"Rue du Ponçay",,,way
"Rue du Pont",,,way
"Rue du Pont de Wandre",,,way
"Rue du Port",,,way
"Rue du Pot d'Or",,,way
"Rue du Potay",,,relation
"Rue du Pré Bolet",,,way
"Rue du Pré commun",,,way
"Rue du Pré-Binet",,,way
"Rue du Préay",,,way
"Rue du Presbytère",,,way
"Rue du Pressoir",,,way
"Rue du Prince",,,way
"Rue du Prince Régent",,,way
"Rue du Progrès",,,way
"Rue du Puits",,,way
"Rue du Quai",,,way
"Rue du Rail",,,way
"Rue du Réservoir",,,way
"Rue du Rêwe",,,way
"Rue du Riou",,,way
"Rue du Ruisseau",,,way
"Rue du Ry",,,way
"Rue du Sart Tilman",,,way
"Rue du Sart-Lohé",,,way
"Rue du Sart-Moray",,,way
"Rue du Snapeux",,,way
"Rue du Stade",,,way
"Rue du Taillis",,,way
"Rue du Terris",,,way
"Rue du Thier-à-Liège",,,way
"Rue du Tir",,,way
"Rue du Tombay",,,way
"Rue du Travail",,,way
"Rue du Trixhay",,,way
"Rue du Val Benoit",,,way
"Rue du Vallon",,,way
"Rue du Ventilateur",,,way
"Rue du Vertbois",,,way
"Rue du Viaduc",,,way
"Rue du Vicinal",,,way
"Rue du Vieux Frêne",,,way
"Rue du Vieux Mayeur",,,way
"Rue du Vieux-Château",,,way
"Rue du Village",,,way
"Rue du centre",,,way
"Rue en Bois",,,way
"Rue es Houx",,,way
"Rue fond houleux",,,way
"Rue sous l'Eau",,,way
"Rue sous la Tour",,,way
"Rue sur la Fontaine",,,way
"Rue sur les Foulons",,,way
"Rue sur les Pleins",,,way
"Rue vaherlisse",,,way
"Ruelle Falihe",,,way
"Ruelle Hierby",,,way
"Ruelle Paradis",,,way
"Ruelle Renard",,,way
"Ruelle de l'Echauguette",,,way
"Ruelle de la Licorne",,,way
"Ruelle des Chats",,,way
"Ruelle des Myosotis - Rue d'Awans",,,way
"Ruelle du Tramway",,,way
"Sart aux Fraises",,,way
"Sentier Lavoir",,,way
"Sentier Matraîfosse",,,way
"Sentier de la Bure du Rossignol",,,way
"Sentier de liaison",,,way
"Sentier des Coteaux",,,way
"Sentier des Meuniers",,,way
"Sentier des Trois Chemins",,,way
"Sentier des Waides",,,way
"Sentier des vaches",,,way
"Sentier du Château",,,way
"Sentier du Haut-Pré",,,way
"Sentier du Moulin",,,way
"Sentier du Pré Fleuri",,,way
"Sentier du Pré des Monts",,,way
"Sentier du Terris",,,way
"Sentier du bois",,,way
"Sentier n° 15",,,way
"Sentier privé",,,way
"Square Charlemagne",,,relation
"Square Edmond Cathewis",,,way
"Square Gramme",,,way
"Square Saint-Léonard",,,way
"Square de la Paix d'Angleur",,,way
"Thier Dame Ide",,,way
"Thier Des Minimes",,,way
"Thier Savary",,,way
"Thier de la Chartreuse",,,way
"Thier de la Fontaine",,,way
"Thier des Critchions",,,way
"Thier des Vignobles",,,way
"Thier des mohets",,,way
"Thier du Bailly",,,way
"Thier du Bouhay",,,way
"Thier du Goreu",,,way
"Traverse des Architectes",,,way
"Tunnel de Cointe",,,way
"Tunnel de Kinkempois",,,way
"Tunnel de la Chartreuse",,,way
"Tunnel des Grosses Battes",,,way
"Tunnel du Benelux",,,way
"Verte Voie",,,way
"Vieille Voie de Bellaire",,,way
"Vieille Voie de Tongres",,,way
"Vinâve d'Île",,,relation
"Voie Melotte",,,way
"Voie de détresse",,,way
"Voie de l'Ardenne",,,way
"Voie des Bouviers",,,way
"Voie du Herdier",,,way
"Voisinage Jeanne Rombaut",,,way
"Voisinage des Griottes",,,way
"Voye des Cotch'Tresses",,,way
"Vôye des treûs Bouhons",,,way
"Waide des Dames",,,way
"chemin du Champ des Oiseaux",,,way
"rue du Stalon",,,relation
